{"homebrew_version":"2.5.0-141-g484c2b4","used_options":[],"unused_options":[],"built_as_bottle":true,"poured_from_bottle":false,"installed_as_dependency":false,"installed_on_request":true,"changed_files":["bin/cloc","libexec/bin/cloc","INSTALL_RECEIPT.json","libexec/lib/perl5/darwin-thread-multi-2level/auto/Algorithm/Diff/.packlist","libexec/lib/perl5/darwin-thread-multi-2level/auto/Module/Runtime/.packlist","libexec/lib/perl5/darwin-thread-multi-2level/auto/Moo/.packlist","libexec/lib/perl5/darwin-thread-multi-2level/auto/Parallel/ForkManager/.packlist","libexec/lib/perl5/darwin-thread-multi-2level/auto/Regexp/Common/.packlist","libexec/lib/perl5/darwin-thread-multi-2level/auto/Role/Tiny/.packlist","libexec/lib/perl5/darwin-thread-multi-2level/auto/Sub/Quote/.packlist"],"time":null,"source_modified_time":1599928896,"HEAD":null,"stdlib":null,"compiler":"clang","aliases":[],"runtime_dependencies":[],"source":{"path":"@@HOMEBREW_REPOSITORY@@/Library/Taps/homebrew/homebrew-core/Formula/cloc.rb","tap":"homebrew/core","spec":"stable","versions":{"stable":"1.88","head":"HEAD","version_scheme":0}},"built_on":{"os":"Macintosh","os_version":"macOS 10.15.5","cpu_family":"penryn","xcode":"11.5","clt":"11.5.0.0.1.1588476445"}}